1,tournamentTitle1
2,tournamentTitle2
3,tournamentTitle3
4,tournamentTitle4
5,tournamentTitle5
6,tournamentTitle6
7,tournamentTitle7
8,tournamentTitle8
9,tournamentTitle9
10,tournamentTitle10
11,tournamentTitle11
12,tournamentTitle12
13,tournamentTitle13
14,tournamentTitle14
15,tournamentTitle15
16,tournamentTitle16
17,tournamentTitle17
18,tournamentTitle18
19,tournamentTitle19
20,tournamentTitle20
21,tournamentTitle21
22,tournamentTitle22
23,tournamentTitle23
24,tournamentTitle24
25,tournamentTitle25
26,tournamentTitle26
27,tournamentTitle27
28,tournamentTitle28
29,tournamentTitle29
30,tournamentTitle30
31,tournamentTitle31
32,tournamentTitle32
33,tournamentTitle33
34,tournamentTitle34
35,tournamentTitle35
36,tournamentTitle36
37,tournamentTitle37
38,tournamentTitle38
39,tournamentTitle39
40,tournamentTitle40
41,tournamentTitle41
42,tournamentTitle42
43,tournamentTitle43
44,tournamentTitle44
45,tournamentTitle45
46,tournamentTitle46
47,tournamentTitle47
48,tournamentTitle48
49,tournamentTitle49
50,tournamentTitle50
51,tournamentTitle51
52,tournamentTitle52
53,tournamentTitle53
54,tournamentTitle54
55,tournamentTitle55
56,tournamentTitle56
57,tournamentTitle57
58,tournamentTitle58
59,tournamentTitle59
60,tournamentTitle60
61,tournamentTitle61
62,tournamentTitle62
63,tournamentTitle63
64,tournamentTitle64
65,tournamentTitle65
66,tournamentTitle66
67,tournamentTitle67
68,tournamentTitle68
69,tournamentTitle69
70,tournamentTitle70
71,tournamentTitle71
72,tournamentTitle72
73,tournamentTitle73
74,tournamentTitle74
75,tournamentTitle75
76,tournamentTitle76
77,tournamentTitle77
78,tournamentTitle78
79,tournamentTitle79
80,tournamentTitle80
81,tournamentTitle81
82,tournamentTitle82
83,tournamentTitle83
84,tournamentTitle84
85,tournamentTitle85
86,tournamentTitle86
87,tournamentTitle87
88,tournamentTitle88
89,tournamentTitle89
90,tournamentTitle90
91,tournamentTitle91
92,tournamentTitle92
93,tournamentTitle93
94,tournamentTitle94
95,tournamentTitle95
96,tournamentTitle96
97,tournamentTitle97
98,tournamentTitle98
99,tournamentTitle99
100,tournamentTitle100
101,tournamentTitle101
102,tournamentTitle102
103,tournamentTitle103
104,tournamentTitle104
105,tournamentTitle105
106,tournamentTitle106
107,tournamentTitle107
108,tournamentTitle108
109,tournamentTitle109
110,tournamentTitle110
111,tournamentTitle111
112,tournamentTitle112
113,tournamentTitle113
114,tournamentTitle114
115,tournamentTitle115
116,tournamentTitle116
117,tournamentTitle117
118,tournamentTitle118
119,tournamentTitle119
120,tournamentTitle120
121,tournamentTitle121
122,tournamentTitle122
123,tournamentTitle123
124,tournamentTitle124
125,tournamentTitle125
126,tournamentTitle126
127,tournamentTitle127
128,tournamentTitle128
129,tournamentTitle129
130,tournamentTitle130
131,tournamentTitle131
132,tournamentTitle132
133,tournamentTitle133
134,tournamentTitle134
135,tournamentTitle135
136,tournamentTitle136
137,tournamentTitle137
138,tournamentTitle138
139,tournamentTitle139
140,tournamentTitle140
141,tournamentTitle141
142,tournamentTitle142
143,tournamentTitle143
144,tournamentTitle144
145,tournamentTitle145
146,tournamentTitle146
147,tournamentTitle147
148,tournamentTitle148
149,tournamentTitle149
150,tournamentTitle150
151,tournamentTitle151
152,tournamentTitle152
153,tournamentTitle153
154,tournamentTitle154
155,tournamentTitle155
156,tournamentTitle156
157,tournamentTitle157
158,tournamentTitle158
159,tournamentTitle159
160,tournamentTitle160
161,tournamentTitle161
162,tournamentTitle162
163,tournamentTitle163
164,tournamentTitle164
165,tournamentTitle165
166,tournamentTitle166
167,tournamentTitle167
168,tournamentTitle168
169,tournamentTitle169
170,tournamentTitle170
171,tournamentTitle171
172,tournamentTitle172
173,tournamentTitle173
174,tournamentTitle174
175,tournamentTitle175
176,tournamentTitle176
177,tournamentTitle177
178,tournamentTitle178
179,tournamentTitle179
180,tournamentTitle180
181,tournamentTitle181
182,tournamentTitle182
183,tournamentTitle183
184,tournamentTitle184
185,tournamentTitle185
186,tournamentTitle186
187,tournamentTitle187
188,tournamentTitle188
189,tournamentTitle189
190,tournamentTitle190
191,tournamentTitle191
192,tournamentTitle192
193,tournamentTitle193
194,tournamentTitle194
195,tournamentTitle195
196,tournamentTitle196
197,tournamentTitle197
198,tournamentTitle198
199,tournamentTitle199
200,tournamentTitle200
201,tournamentTitle201
202,tournamentTitle202
203,tournamentTitle203
204,tournamentTitle204
205,tournamentTitle205
206,tournamentTitle206
207,tournamentTitle207
208,tournamentTitle208
209,tournamentTitle209
210,tournamentTitle210
211,tournamentTitle211
212,tournamentTitle212
213,tournamentTitle213
214,tournamentTitle214
215,tournamentTitle215
216,tournamentTitle216
217,tournamentTitle217
218,tournamentTitle218
219,tournamentTitle219
220,tournamentTitle220
221,tournamentTitle221
222,tournamentTitle222
223,tournamentTitle223
224,tournamentTitle224
225,tournamentTitle225
226,tournamentTitle226
227,tournamentTitle227
228,tournamentTitle228
229,tournamentTitle229
230,tournamentTitle230
231,tournamentTitle231
232,tournamentTitle232
233,tournamentTitle233
234,tournamentTitle234
235,tournamentTitle235
236,tournamentTitle236
237,tournamentTitle237
238,tournamentTitle238
239,tournamentTitle239
240,tournamentTitle240
241,tournamentTitle241
242,tournamentTitle242
243,tournamentTitle243
244,tournamentTitle244
245,tournamentTitle245
246,tournamentTitle246
247,tournamentTitle247
248,tournamentTitle248
249,tournamentTitle249
250,tournamentTitle250
251,tournamentTitle251
252,tournamentTitle252
253,tournamentTitle253
254,tournamentTitle254
255,tournamentTitle255
256,tournamentTitle256
257,tournamentTitle257
258,tournamentTitle258
259,tournamentTitle259
260,tournamentTitle260
261,tournamentTitle261
262,tournamentTitle262
263,tournamentTitle263
264,tournamentTitle264
265,tournamentTitle265
266,tournamentTitle266
267,tournamentTitle267
268,tournamentTitle268
269,tournamentTitle269
270,tournamentTitle270
271,tournamentTitle271
272,tournamentTitle272
273,tournamentTitle273
274,tournamentTitle274
275,tournamentTitle275
276,tournamentTitle276
277,tournamentTitle277
278,tournamentTitle278
279,tournamentTitle279
280,tournamentTitle280
281,tournamentTitle281
282,tournamentTitle282
283,tournamentTitle283
284,tournamentTitle284
285,tournamentTitle285
286,tournamentTitle286
287,tournamentTitle287
288,tournamentTitle288
289,tournamentTitle289
290,tournamentTitle290
291,tournamentTitle291
292,tournamentTitle292
293,tournamentTitle293
294,tournamentTitle294
295,tournamentTitle295
296,tournamentTitle296
297,tournamentTitle297
298,tournamentTitle298
299,tournamentTitle299
300,tournamentTitle300
301,tournamentTitle301
302,tournamentTitle302
303,tournamentTitle303
304,tournamentTitle304
305,tournamentTitle305
306,tournamentTitle306
307,tournamentTitle307
308,tournamentTitle308
309,tournamentTitle309
310,tournamentTitle310
311,tournamentTitle311
312,tournamentTitle312
313,tournamentTitle313
314,tournamentTitle314
315,tournamentTitle315
316,tournamentTitle316
317,tournamentTitle317
318,tournamentTitle318
319,tournamentTitle319
320,tournamentTitle320
321,tournamentTitle321
322,tournamentTitle322
323,tournamentTitle323
324,tournamentTitle324
325,tournamentTitle325
326,tournamentTitle326
327,tournamentTitle327
328,tournamentTitle328
329,tournamentTitle329
330,tournamentTitle330
331,tournamentTitle331
332,tournamentTitle332
333,tournamentTitle333
334,tournamentTitle334
335,tournamentTitle335
336,tournamentTitle336
337,tournamentTitle337
338,tournamentTitle338
339,tournamentTitle339
340,tournamentTitle340
341,tournamentTitle341
342,tournamentTitle342
343,tournamentTitle343
344,tournamentTitle344
345,tournamentTitle345
346,tournamentTitle346
347,tournamentTitle347
348,tournamentTitle348
349,tournamentTitle349
350,tournamentTitle350
351,tournamentTitle351
352,tournamentTitle352
353,tournamentTitle353
354,tournamentTitle354
355,tournamentTitle355
356,tournamentTitle356
357,tournamentTitle357
358,tournamentTitle358
359,tournamentTitle359
360,tournamentTitle360
361,tournamentTitle361
362,tournamentTitle362
363,tournamentTitle363
364,tournamentTitle364
365,tournamentTitle365
366,tournamentTitle366
367,tournamentTitle367
368,tournamentTitle368
369,tournamentTitle369
370,tournamentTitle370
371,tournamentTitle371
372,tournamentTitle372
373,tournamentTitle373
374,tournamentTitle374
375,tournamentTitle375
376,tournamentTitle376
377,tournamentTitle377
378,tournamentTitle378
379,tournamentTitle379
380,tournamentTitle380
381,tournamentTitle381
382,tournamentTitle382
383,tournamentTitle383
384,tournamentTitle384
385,tournamentTitle385
386,tournamentTitle386
387,tournamentTitle387
388,tournamentTitle388
389,tournamentTitle389
390,tournamentTitle390
391,tournamentTitle391
392,tournamentTitle392
393,tournamentTitle393
394,tournamentTitle394
395,tournamentTitle395
396,tournamentTitle396
397,tournamentTitle397
398,tournamentTitle398
399,tournamentTitle399
400,tournamentTitle400
401,tournamentTitle401
402,tournamentTitle402
403,tournamentTitle403
404,tournamentTitle404
405,tournamentTitle405
406,tournamentTitle406
407,tournamentTitle407
408,tournamentTitle408
409,tournamentTitle409
410,tournamentTitle410
411,tournamentTitle411
412,tournamentTitle412
413,tournamentTitle413
414,tournamentTitle414
415,tournamentTitle415
416,tournamentTitle416
417,tournamentTitle417
418,tournamentTitle418
419,tournamentTitle419
420,tournamentTitle420
421,tournamentTitle421
422,tournamentTitle422
423,tournamentTitle423
424,tournamentTitle424
425,tournamentTitle425
426,tournamentTitle426
427,tournamentTitle427
428,tournamentTitle428
429,tournamentTitle429
430,tournamentTitle430
431,tournamentTitle431
432,tournamentTitle432
433,tournamentTitle433
434,tournamentTitle434
435,tournamentTitle435
436,tournamentTitle436
437,tournamentTitle437
438,tournamentTitle438
439,tournamentTitle439
440,tournamentTitle440
441,tournamentTitle441
442,tournamentTitle442
443,tournamentTitle443
444,tournamentTitle444
445,tournamentTitle445
446,tournamentTitle446
447,tournamentTitle447
448,tournamentTitle448
449,tournamentTitle449
450,tournamentTitle450
451,tournamentTitle451
452,tournamentTitle452
453,tournamentTitle453
454,tournamentTitle454
455,tournamentTitle455
456,tournamentTitle456
457,tournamentTitle457
458,tournamentTitle458
459,tournamentTitle459
460,tournamentTitle460
461,tournamentTitle461
462,tournamentTitle462
463,tournamentTitle463
464,tournamentTitle464
465,tournamentTitle465
466,tournamentTitle466
467,tournamentTitle467
468,tournamentTitle468
469,tournamentTitle469
470,tournamentTitle470
471,tournamentTitle471
472,tournamentTitle472
473,tournamentTitle473
474,tournamentTitle474
475,tournamentTitle475
476,tournamentTitle476
477,tournamentTitle477
478,tournamentTitle478
479,tournamentTitle479
480,tournamentTitle480
481,tournamentTitle481
482,tournamentTitle482
483,tournamentTitle483
484,tournamentTitle484
485,tournamentTitle485
486,tournamentTitle486
487,tournamentTitle487
488,tournamentTitle488
489,tournamentTitle489
490,tournamentTitle490
491,tournamentTitle491
492,tournamentTitle492
493,tournamentTitle493
494,tournamentTitle494
495,tournamentTitle495
496,tournamentTitle496
497,tournamentTitle497
498,tournamentTitle498
499,tournamentTitle499
500,tournamentTitle500
501,tournamentTitle501
502,tournamentTitle502
503,tournamentTitle503
504,tournamentTitle504
505,tournamentTitle505
506,tournamentTitle506
507,tournamentTitle507
508,tournamentTitle508
509,tournamentTitle509
510,tournamentTitle510
511,tournamentTitle511
512,tournamentTitle512
513,tournamentTitle513
514,tournamentTitle514
515,tournamentTitle515
516,tournamentTitle516
517,tournamentTitle517
518,tournamentTitle518
519,tournamentTitle519
520,tournamentTitle520
521,tournamentTitle521
522,tournamentTitle522
523,tournamentTitle523
524,tournamentTitle524
525,tournamentTitle525
526,tournamentTitle526
527,tournamentTitle527
528,tournamentTitle528
529,tournamentTitle529
530,tournamentTitle530
531,tournamentTitle531
532,tournamentTitle532
533,tournamentTitle533
534,tournamentTitle534
535,tournamentTitle535
536,tournamentTitle536
537,tournamentTitle537
538,tournamentTitle538
539,tournamentTitle539
540,tournamentTitle540
541,tournamentTitle541
542,tournamentTitle542
543,tournamentTitle543
544,tournamentTitle544
545,tournamentTitle545
546,tournamentTitle546
547,tournamentTitle547
548,tournamentTitle548
549,tournamentTitle549
550,tournamentTitle550
551,tournamentTitle551
552,tournamentTitle552
553,tournamentTitle553
554,tournamentTitle554
555,tournamentTitle555
556,tournamentTitle556
557,tournamentTitle557
558,tournamentTitle558
559,tournamentTitle559
560,tournamentTitle560
561,tournamentTitle561
562,tournamentTitle562
563,tournamentTitle563
564,tournamentTitle564
565,tournamentTitle565
566,tournamentTitle566
567,tournamentTitle567
568,tournamentTitle568
569,tournamentTitle569
570,tournamentTitle570
571,tournamentTitle571
572,tournamentTitle572
573,tournamentTitle573
574,tournamentTitle574
575,tournamentTitle575
576,tournamentTitle576
577,tournamentTitle577
578,tournamentTitle578
579,tournamentTitle579
580,tournamentTitle580
581,tournamentTitle581
582,tournamentTitle582
583,tournamentTitle583
584,tournamentTitle584
585,tournamentTitle585
586,tournamentTitle586
587,tournamentTitle587
588,tournamentTitle588
589,tournamentTitle589
590,tournamentTitle590
591,tournamentTitle591
592,tournamentTitle592
593,tournamentTitle593
594,tournamentTitle594
595,tournamentTitle595
596,tournamentTitle596
597,tournamentTitle597
598,tournamentTitle598
599,tournamentTitle599
600,tournamentTitle600
601,tournamentTitle601
602,tournamentTitle602
603,tournamentTitle603
604,tournamentTitle604
605,tournamentTitle605
606,tournamentTitle606
607,tournamentTitle607
608,tournamentTitle608
609,tournamentTitle609
610,tournamentTitle610
611,tournamentTitle611
612,tournamentTitle612
613,tournamentTitle613
614,tournamentTitle614
615,tournamentTitle615
616,tournamentTitle616
617,tournamentTitle617
618,tournamentTitle618
619,tournamentTitle619
620,tournamentTitle620
621,tournamentTitle621
622,tournamentTitle622
623,tournamentTitle623
624,tournamentTitle624
625,tournamentTitle625
626,tournamentTitle626
627,tournamentTitle627
628,tournamentTitle628
629,tournamentTitle629
630,tournamentTitle630
631,tournamentTitle631
632,tournamentTitle632
633,tournamentTitle633
634,tournamentTitle634
635,tournamentTitle635
636,tournamentTitle636
637,tournamentTitle637
638,tournamentTitle638
639,tournamentTitle639
640,tournamentTitle640
641,tournamentTitle641
642,tournamentTitle642
643,tournamentTitle643
644,tournamentTitle644
645,tournamentTitle645
646,tournamentTitle646
647,tournamentTitle647
648,tournamentTitle648
649,tournamentTitle649
650,tournamentTitle650
651,tournamentTitle651
652,tournamentTitle652
653,tournamentTitle653
654,tournamentTitle654
655,tournamentTitle655
656,tournamentTitle656
657,tournamentTitle657
658,tournamentTitle658
659,tournamentTitle659
660,tournamentTitle660
661,tournamentTitle661
662,tournamentTitle662
663,tournamentTitle663
664,tournamentTitle664
665,tournamentTitle665
666,tournamentTitle666
667,tournamentTitle667
668,tournamentTitle668
669,tournamentTitle669
670,tournamentTitle670
671,tournamentTitle671
672,tournamentTitle672
673,tournamentTitle673
674,tournamentTitle674
675,tournamentTitle675
676,tournamentTitle676
677,tournamentTitle677
678,tournamentTitle678
679,tournamentTitle679
680,tournamentTitle680
681,tournamentTitle681
682,tournamentTitle682
683,tournamentTitle683
684,tournamentTitle684
685,tournamentTitle685
686,tournamentTitle686
687,tournamentTitle687
688,tournamentTitle688
689,tournamentTitle689
690,tournamentTitle690
691,tournamentTitle691
692,tournamentTitle692
693,tournamentTitle693
694,tournamentTitle694
695,tournamentTitle695
696,tournamentTitle696
697,tournamentTitle697
698,tournamentTitle698
699,tournamentTitle699
700,tournamentTitle700
701,tournamentTitle701
702,tournamentTitle702
703,tournamentTitle703
704,tournamentTitle704
705,tournamentTitle705
706,tournamentTitle706
707,tournamentTitle707
708,tournamentTitle708
709,tournamentTitle709
710,tournamentTitle710
711,tournamentTitle711
712,tournamentTitle712
713,tournamentTitle713
714,tournamentTitle714
715,tournamentTitle715
716,tournamentTitle716
717,tournamentTitle717
718,tournamentTitle718
719,tournamentTitle719
720,tournamentTitle720
721,tournamentTitle721
722,tournamentTitle722
723,tournamentTitle723
724,tournamentTitle724
725,tournamentTitle725
726,tournamentTitle726
727,tournamentTitle727
728,tournamentTitle728
729,tournamentTitle729
730,tournamentTitle730
731,tournamentTitle731
732,tournamentTitle732
733,tournamentTitle733
734,tournamentTitle734
735,tournamentTitle735
736,tournamentTitle736
737,tournamentTitle737
738,tournamentTitle738
739,tournamentTitle739
740,tournamentTitle740
741,tournamentTitle741
742,tournamentTitle742
743,tournamentTitle743
744,tournamentTitle744
745,tournamentTitle745
746,tournamentTitle746
747,tournamentTitle747
748,tournamentTitle748
749,tournamentTitle749
750,tournamentTitle750
751,tournamentTitle751
752,tournamentTitle752
753,tournamentTitle753
754,tournamentTitle754
755,tournamentTitle755
756,tournamentTitle756
757,tournamentTitle757
758,tournamentTitle758
759,tournamentTitle759
760,tournamentTitle760
761,tournamentTitle761
762,tournamentTitle762
763,tournamentTitle763
764,tournamentTitle764
765,tournamentTitle765
766,tournamentTitle766
767,tournamentTitle767
768,tournamentTitle768
769,tournamentTitle769
770,tournamentTitle770
771,tournamentTitle771
772,tournamentTitle772
773,tournamentTitle773
774,tournamentTitle774
775,tournamentTitle775
776,tournamentTitle776
777,tournamentTitle777
778,tournamentTitle778
779,tournamentTitle779
780,tournamentTitle780
781,tournamentTitle781
782,tournamentTitle782
783,tournamentTitle783
784,tournamentTitle784
785,tournamentTitle785
786,tournamentTitle786
787,tournamentTitle787
788,tournamentTitle788
789,tournamentTitle789
790,tournamentTitle790
791,tournamentTitle791
792,tournamentTitle792
793,tournamentTitle793
794,tournamentTitle794
795,tournamentTitle795
796,tournamentTitle796
797,tournamentTitle797
798,tournamentTitle798
799,tournamentTitle799
800,tournamentTitle800
801,tournamentTitle801
802,tournamentTitle802
803,tournamentTitle803
804,tournamentTitle804
805,tournamentTitle805
806,tournamentTitle806
807,tournamentTitle807
808,tournamentTitle808
809,tournamentTitle809
810,tournamentTitle810
811,tournamentTitle811
812,tournamentTitle812
813,tournamentTitle813
814,tournamentTitle814
815,tournamentTitle815
816,tournamentTitle816
817,tournamentTitle817
818,tournamentTitle818
819,tournamentTitle819
820,tournamentTitle820
821,tournamentTitle821
822,tournamentTitle822
823,tournamentTitle823
824,tournamentTitle824
825,tournamentTitle825
826,tournamentTitle826
827,tournamentTitle827
828,tournamentTitle828
829,tournamentTitle829
830,tournamentTitle830
831,tournamentTitle831
832,tournamentTitle832
833,tournamentTitle833
834,tournamentTitle834
835,tournamentTitle835
836,tournamentTitle836
837,tournamentTitle837
838,tournamentTitle838
839,tournamentTitle839
840,tournamentTitle840
841,tournamentTitle841
842,tournamentTitle842
843,tournamentTitle843
844,tournamentTitle844
845,tournamentTitle845
846,tournamentTitle846
847,tournamentTitle847
848,tournamentTitle848
849,tournamentTitle849
850,tournamentTitle850
851,tournamentTitle851
852,tournamentTitle852
853,tournamentTitle853
854,tournamentTitle854
855,tournamentTitle855
856,tournamentTitle856
857,tournamentTitle857
858,tournamentTitle858
859,tournamentTitle859
860,tournamentTitle860
861,tournamentTitle861
862,tournamentTitle862
863,tournamentTitle863
864,tournamentTitle864
865,tournamentTitle865
866,tournamentTitle866
867,tournamentTitle867
868,tournamentTitle868
869,tournamentTitle869
870,tournamentTitle870
871,tournamentTitle871
872,tournamentTitle872
873,tournamentTitle873
874,tournamentTitle874
875,tournamentTitle875
876,tournamentTitle876
877,tournamentTitle877
878,tournamentTitle878
879,tournamentTitle879
880,tournamentTitle880
881,tournamentTitle881
882,tournamentTitle882
883,tournamentTitle883
884,tournamentTitle884
885,tournamentTitle885
886,tournamentTitle886
887,tournamentTitle887
888,tournamentTitle888
889,tournamentTitle889
890,tournamentTitle890
891,tournamentTitle891
892,tournamentTitle892
893,tournamentTitle893
894,tournamentTitle894
895,tournamentTitle895
896,tournamentTitle896
897,tournamentTitle897
898,tournamentTitle898
899,tournamentTitle899
900,tournamentTitle900
901,tournamentTitle901
902,tournamentTitle902
903,tournamentTitle903
904,tournamentTitle904
905,tournamentTitle905
906,tournamentTitle906
907,tournamentTitle907
908,tournamentTitle908
909,tournamentTitle909
910,tournamentTitle910
911,tournamentTitle911
912,tournamentTitle912
913,tournamentTitle913
914,tournamentTitle914
915,tournamentTitle915
916,tournamentTitle916
917,tournamentTitle917
918,tournamentTitle918
919,tournamentTitle919
920,tournamentTitle920
921,tournamentTitle921
922,tournamentTitle922
923,tournamentTitle923
924,tournamentTitle924
925,tournamentTitle925
926,tournamentTitle926
927,tournamentTitle927
928,tournamentTitle928
929,tournamentTitle929
930,tournamentTitle930
931,tournamentTitle931
932,tournamentTitle932
933,tournamentTitle933
934,tournamentTitle934
935,tournamentTitle935
936,tournamentTitle936
937,tournamentTitle937
938,tournamentTitle938
939,tournamentTitle939
940,tournamentTitle940
941,tournamentTitle941
942,tournamentTitle942
943,tournamentTitle943
944,tournamentTitle944
945,tournamentTitle945
946,tournamentTitle946
947,tournamentTitle947
948,tournamentTitle948
949,tournamentTitle949
950,tournamentTitle950
951,tournamentTitle951
952,tournamentTitle952
953,tournamentTitle953
954,tournamentTitle954
955,tournamentTitle955
956,tournamentTitle956
957,tournamentTitle957
958,tournamentTitle958
959,tournamentTitle959
960,tournamentTitle960
961,tournamentTitle961
962,tournamentTitle962
963,tournamentTitle963
964,tournamentTitle964
965,tournamentTitle965
966,tournamentTitle966
967,tournamentTitle967
968,tournamentTitle968
969,tournamentTitle969
970,tournamentTitle970
971,tournamentTitle971
972,tournamentTitle972
973,tournamentTitle973
974,tournamentTitle974
975,tournamentTitle975
976,tournamentTitle976
977,tournamentTitle977
978,tournamentTitle978
979,tournamentTitle979
980,tournamentTitle980
981,tournamentTitle981
982,tournamentTitle982
983,tournamentTitle983
984,tournamentTitle984
985,tournamentTitle985
986,tournamentTitle986
987,tournamentTitle987
988,tournamentTitle988
989,tournamentTitle989
990,tournamentTitle990
991,tournamentTitle991
992,tournamentTitle992
993,tournamentTitle993
994,tournamentTitle994
995,tournamentTitle995
996,tournamentTitle996
997,tournamentTitle997
998,tournamentTitle998
999,tournamentTitle999
1000,tournamentTitle1000
